0,1,2,3,4,5,6,7,8,reward_X,successor_X,game_over
 , , , , ,O,O,X,X,0,"[4, 30, 120, 350, 840]",False
 , , , , ,O,X,O,X,0,"[5, 31, 121, 351, 841]",False
 , , , , ,O,X,X,O,0,"[6, 32, 122, 352, 842]",False
 , , , , ,X,O,O,X,0,"[7, 33, 123, 353, 843]",False
 , , , , ,X,O,X,O,0,"[8, 34, 124, 354, 844]",False
 , , , , ,X,X,O,O,0,"[9, 35, 125, 355, 845]",False
 , , , ,O, ,O,X,X,0,"[1, 36, 126, 356, 846]",False
 , , , ,O, ,X,O,X,0,"[2, 37, 127, 357, 847]",False
 , , , ,O, ,X,X,O,0,"[3, 38, 128, 358, 848]",False
 , , , ,O,O, ,X,X,0,"[0, 39, 129, 359, 849]",False
 , , , ,O,O,X, ,X,0,"[0, 40, 130, 360, 850]",False
 , , , ,O,O,X,X, ,0,"[0, 41, 131, 361, 851]",False
 , , , ,O,X, ,O,X,0,"[2, 42, 132, 362, 852]",False
 , , , ,O,X, ,X,O,0,"[3, 43, 133, 363, 853]",False
 , , , ,O,X,O, ,X,0,"[1, 44, 134, 364, 854]",False
 , , , ,O,X,O,X, ,0,"[1, 45, 135, 365, 855]",False
 , , , ,O,X,X, ,O,0,"[3, 46, 136, 366, 856]",False
 , , , ,O,X,X,O, ,0,"[2, 47, 137, 367, 857]",False
 , , , ,X, ,O,O,X,0,"[7, 48, 138, 368, 858]",False
 , , , ,X, ,O,X,O,0,"[8, 49, 139, 369, 859]",False
 , , , ,X, ,X,O,O,0,"[9, 50, 140, 370, 860]",False
 , , , ,X,O, ,O,X,0,"[5, 51, 141, 371, 861]",False
 , , , ,X,O, ,X,O,0,"[6, 52, 142, 372, 862]",False
 , , , ,X,O,O, ,X,0,"[4, 53, 143, 373, 863]",False
 , , , ,X,O,O,X, ,0,"[4, 54, 144, 374, 864]",False
 , , , ,X,O,X, ,O,0,"[6, 55, 145, 375, 865]",False
 , , , ,X,O,X,O, ,0,"[5, 56, 146, 376, 866]",False
 , , , ,X,X, ,O,O,0,"[9, 57, 147, 377, 867]",False
 , , , ,X,X,O, ,O,0,"[8, 58, 148, 378, 868]",False
 , , , ,X,X,O,O, ,0,"[7, 59, 149, 379, 869]",False
 , , ,O, , ,O,X,X,0,"[11, 18, 150, 380, 870]",False
 , , ,O, , ,X,O,X,0,"[12, 19, 151, 381, 871]",False
 , , ,O, , ,X,X,O,0,"[13, 20, 152, 382, 872]",False
 , , ,O, ,O, ,X,X,0,"[10, 21, 153, 383, 873]",False
 , , ,O, ,O,X, ,X,0,"[10, 22, 154, 384, 874]",False
 , , ,O, ,O,X,X, ,0,"[10, 23, 155, 385, 875]",False
 , , ,O, ,X, ,O,X,0,"[12, 24, 156, 386, 876]",False
 , , ,O, ,X, ,X,O,0,"[13, 25, 157, 387, 877]",False
 , , ,O, ,X,O, ,X,0,"[11, 26, 158, 388, 878]",False
 , , ,O, ,X,O,X, ,0,"[11, 27, 159, 389, 879]",False
 , , ,O, ,X,X, ,O,0,"[13, 28, 160, 390, 880]",False
 , , ,O, ,X,X,O, ,0,"[12, 29, 161, 391, 881]",False
 , , ,O,O, , ,X,X,0,"[14, 15, 162, 392, 882]",False
 , , ,O,O, ,X, ,X,0,"[14, 16, 163, 393, 883]",False
 , , ,O,O, ,X,X, ,0,"[14, 17, 164, 394, 884]",False
 , , ,O,O,X, , ,X,0,"[15, 16, 165, 395, 885]",False
 , , ,O,O,X, ,X, ,0,"[15, 17, 166, 396, 886]",False
 , , ,O,O,X,X, , ,0,"[16, 17, 167, 397, 887]",False
 , , ,O,X, , ,O,X,0,"[19, 24, 168, 398, 888]",False
 , , ,O,X, , ,X,O,0,"[20, 25, 169, 399, 889]",False
 , , ,O,X, ,O, ,X,0,"[18, 26, 170, 400, 890]",False
 , , ,O,X, ,O,X, ,0,"[18, 27, 171, 401, 891]",False
 , , ,O,X, ,X, ,O,0,"[20, 28, 172, 402, 892]",False
 , , ,O,X, ,X,O, ,0,"[19, 29, 173, 403, 893]",False
 , , ,O,X,O, , ,X,0,"[21, 22, 174, 404, 894]",False
 , , ,O,X,O, ,X, ,0,"[21, 23, 175, 405, 895]",False
 , , ,O,X,O,X, , ,0,"[22, 23, 176, 406, 896]",False
 , , ,O,X,X, , ,O,0,"[25, 28, 177, 407, 897]",False
 , , ,O,X,X, ,O, ,0,"[24, 29, 178, 408, 898]",False
 , , ,O,X,X,O, , ,0,"[26, 27, 179, 409, 899]",False
 , , ,X, , ,O,O,X,0,"[33, 48, 180, 410, 900]",False
 , , ,X, , ,O,X,O,0,"[34, 49, 181, 411, 901]",False
 , , ,X, , ,X,O,O,0,"[35, 50, 182, 412, 902]",False
 , , ,X, ,O, ,O,X,0,"[31, 51, 183, 413, 903]",False
 , , ,X, ,O, ,X,O,0,"[32, 52, 184, 414, 904]",False
 , , ,X, ,O,O, ,X,0,"[30, 53, 185, 415, 905]",False
 , , ,X, ,O,O,X, ,0,"[30, 54, 186, 416, 906]",False
 , , ,X, ,O,X, ,O,0,"[32, 55, 187, 417, 907]",False
 , , ,X, ,O,X,O, ,0,"[31, 56, 188, 418, 908]",False
 , , ,X, ,X, ,O,O,0,"[35, 57, 189, 419, 909]",False
 , , ,X, ,X,O, ,O,0,"[34, 58, 190, 420, 910]",False
 , , ,X, ,X,O,O, ,0,"[33, 59, 191, 421, 911]",False
 , , ,X,O, , ,O,X,0,"[37, 42, 192, 422, 912]",False
 , , ,X,O, , ,X,O,0,"[38, 43, 193, 423, 913]",False
 , , ,X,O, ,O, ,X,0,"[36, 44, 194, 424, 914]",False
 , , ,X,O, ,O,X, ,0,"[36, 45, 195, 425, 915]",False
 , , ,X,O, ,X, ,O,0,"[38, 46, 196, 426, 916]",False
 , , ,X,O, ,X,O, ,0,"[37, 47, 197, 427, 917]",False
 , , ,X,O,O, , ,X,0,"[39, 40, 198, 428, 918]",False
 , , ,X,O,O, ,X, ,0,"[39, 41, 199, 429, 919]",False
 , , ,X,O,O,X, , ,0,"[40, 41, 200, 430, 920]",False
 , , ,X,O,X, , ,O,0,"[43, 46, 201, 431, 921]",False
 , , ,X,O,X, ,O, ,0,"[42, 47, 202, 432, 922]",False
 , , ,X,O,X,O, , ,0,"[44, 45, 203, 433, 923]",False
 , , ,X,X, , ,O,O,0,"[50, 57, 204, 434, 924]",False
 , , ,X,X, ,O, ,O,0,"[49, 58, 205, 435, 925]",False
 , , ,X,X, ,O,O, ,0,"[48, 59, 206, 436, 926]",False
 , , ,X,X,O, , ,O,0,"[52, 55, 207, 437, 927]",False
 , , ,X,X,O, ,O, ,0,"[51, 56, 208, 438, 928]",False
 , , ,X,X,O,O, , ,0,"[53, 54, 209, 439, 929]",False
 , ,O, , , ,O,X,X,0,"[61, 68, 90, 440, 930]",False
 , ,O, , , ,X,O,X,0,"[62, 69, 91, 441, 931]",False
 , ,O, , , ,X,X,O,0,"[63, 70, 92, 442, 932]",False
 , ,O, , ,O, ,X,X,0,"[60, 71, 93, 443, 933]",False
 , ,O, , ,O,X, ,X,0,"[60, 72, 94, 444, 934]",False
 , ,O, , ,O,X,X, ,0,"[60, 73, 95, 445, 935]",False
 , ,O, , ,X, ,O,X,0,"[62, 74, 96, 446, 936]",False
 , ,O, , ,X, ,X,O,0,"[63, 75, 97, 447, 937]",False
 , ,O, , ,X,O, ,X,0,"[61, 76, 98, 448, 938]",False
 , ,O, , ,X,O,X, ,0,"[61, 77, 99, 449, 939]",False
 , ,O, , ,X,X, ,O,0,"[63, 78, 100, 450, 940]",False
 , ,O, , ,X,X,O, ,0,"[62, 79, 101, 451, 941]",False
 , ,O, ,O, , ,X,X,0,"[64, 65, 102, 452, 942]",False
 , ,O, ,O, ,X, ,X,0,"[64, 66, 103, 453, 943]",False
 , ,O, ,O, ,X,X, ,0,"[64, 67, 104, 454, 944]",False
 , ,O, ,O,X, , ,X,0,"[65, 66, 105, 455, 945]",False
 , ,O, ,O,X, ,X, ,0,"[65, 67, 106, 456, 946]",False
 , ,O, ,O,X,X, , ,0,"[66, 67, 107, 457, 947]",False
 , ,O, ,X, , ,O,X,0,"[69, 74, 108, 458, 948]",False
 , ,O, ,X, , ,X,O,0,"[70, 75, 109, 459, 949]",False
 , ,O, ,X, ,O, ,X,0,"[68, 76, 110, 460, 950]",False
 , ,O, ,X, ,O,X, ,0,"[68, 77, 111, 461, 951]",False
 , ,O, ,X, ,X, ,O,0,"[70, 78, 112, 462, 952]",False
 , ,O, ,X, ,X,O, ,0,"[69, 79, 113, 463, 953]",False
 , ,O, ,X,O, , ,X,0,"[71, 72, 114, 464, 954]",False
 , ,O, ,X,O, ,X, ,0,"[71, 73, 115, 465, 955]",False
 , ,O, ,X,O,X, , ,0,"[72, 73, 116, 466, 956]",False
 , ,O, ,X,X, , ,O,0,"[75, 78, 117, 467, 957]",False
 , ,O, ,X,X, ,O, ,0,"[74, 79, 118, 468, 958]",False
 , ,O, ,X,X,O, , ,0,"[76, 77, 119, 469, 959]",False
 , ,O,O, , , ,X,X,0,"[80, 81, 84, 470, 960]",False
 , ,O,O, , ,X, ,X,0,"[80, 82, 85, 471, 961]",False
 , ,O,O, , ,X,X, ,0,"[80, 83, 86, 472, 962]",False
 , ,O,O, ,X, , ,X,0,"[81, 82, 87, 473, 963]",False
 , ,O,O, ,X, ,X, ,0,"[81, 83, 88, 474, 964]",False
 , ,O,O, ,X,X, , ,0,"[82, 83, 89, 475, 965]",False
 , ,O,O,X, , , ,X,0,"[84, 85, 87, 476, 966]",False
 , ,O,O,X, , ,X, ,0,"[84, 86, 88, 477, 967]",False
 , ,O,O,X, ,X, , ,0,"[85, 86, 89, 478, 968]",False
 , ,O,O,X,X, , , ,0,"[87, 88, 89, 479, 969]",False
 , ,O,X, , , ,O,X,0,"[91, 96, 108, 480, 970]",False
 , ,O,X, , , ,X,O,0,"[92, 97, 109, 481, 971]",False
 , ,O,X, , ,O, ,X,0,"[90, 98, 110, 482, 972]",False
 , ,O,X, , ,O,X, ,0,"[90, 99, 111, 483, 973]",False
 , ,O,X, , ,X, ,O,0,"[92, 100, 112, 484, 974]",False
 , ,O,X, , ,X,O, ,0,"[91, 101, 113, 485, 975]",False
 , ,O,X, ,O, , ,X,0,"[93, 94, 114, 486, 976]",False
 , ,O,X, ,O, ,X, ,0,"[93, 95, 115, 487, 977]",False
 , ,O,X, ,O,X, , ,0,"[94, 95, 116, 488, 978]",False
 , ,O,X, ,X, , ,O,0,"[97, 100, 117, 489, 979]",False
 , ,O,X, ,X, ,O, ,0,"[96, 101, 118, 490, 980]",False
 , ,O,X, ,X,O, , ,0,"[98, 99, 119, 491, 981]",False
 , ,O,X,O, , , ,X,0,"[102, 103, 105, 492, 982]",False
 , ,O,X,O, , ,X, ,0,"[102, 104, 106, 493, 983]",False
 , ,O,X,O, ,X, , ,0,"[103, 104, 107, 494, 984]",False
 , ,O,X,O,X, , , ,0,"[105, 106, 107, 495, 985]",False
 , ,O,X,X, , , ,O,0,"[109, 112, 117, 496, 986]",False
 , ,O,X,X, , ,O, ,0,"[108, 113, 118, 497, 987]",False
 , ,O,X,X, ,O, , ,0,"[110, 111, 119, 498, 988]",False
 , ,O,X,X,O, , , ,0,"[114, 115, 116, 499, 989]",False
 , ,X, , , ,O,O,X,0,"[123, 138, 180, 500, 990]",False
 , ,X, , , ,O,X,O,0,"[124, 139, 181, 501, 991]",False
 , ,X, , , ,X,O,O,0,"[125, 140, 182, 502, 992]",False
 , ,X, , ,O, ,O,X,0,"[121, 141, 183, 503, 993]",False
 , ,X, , ,O, ,X,O,0,"[122, 142, 184, 504, 994]",False
 , ,X, , ,O,O, ,X,0,"[120, 143, 185, 505, 995]",False
 , ,X, , ,O,O,X, ,0,"[120, 144, 186, 506, 996]",False
 , ,X, , ,O,X, ,O,0,"[122, 145, 187, 507, 997]",False
 , ,X, , ,O,X,O, ,0,"[121, 146, 188, 508, 998]",False
 , ,X, , ,X, ,O,O,0,"[125, 147, 189, 509, 999]",False
 , ,X, , ,X,O, ,O,0,"[124, 148, 190, 510, 1000]",False
 , ,X, , ,X,O,O, ,0,"[123, 149, 191, 511, 1001]",False
 , ,X, ,O, , ,O,X,0,"[127, 132, 192, 512, 1002]",False
 , ,X, ,O, , ,X,O,0,"[128, 133, 193, 513, 1003]",False
 , ,X, ,O, ,O, ,X,0,"[126, 134, 194, 514, 1004]",False
 , ,X, ,O, ,O,X, ,0,"[126, 135, 195, 515, 1005]",False
 , ,X, ,O, ,X, ,O,0,"[128, 136, 196, 516, 1006]",False
 , ,X, ,O, ,X,O, ,0,"[127, 137, 197, 517, 1007]",False
 , ,X, ,O,O, , ,X,0,"[129, 130, 198, 518, 1008]",False
 , ,X, ,O,O, ,X, ,0,"[129, 131, 199, 519, 1009]",False
 , ,X, ,O,O,X, , ,0,"[130, 131, 200, 520, 1010]",False
 , ,X, ,O,X, , ,O,0,"[133, 136, 201, 521, 1011]",False
 , ,X, ,O,X, ,O, ,0,"[132, 137, 202, 522, 1012]",False
 , ,X, ,O,X,O, , ,0,"[134, 135, 203, 523, 1013]",False
 , ,X, ,X, , ,O,O,0,"[140, 147, 204, 524, 1014]",False
 , ,X, ,X, ,O, ,O,0,"[139, 148, 205, 525, 1015]",False
 , ,X, ,X, ,O,O, ,0,"[138, 149, 206, 526, 1016]",False
 , ,X, ,X,O, , ,O,0,"[142, 145, 207, 527, 1017]",False
 , ,X, ,X,O, ,O, ,0,"[141, 146, 208, 528, 1018]",False
 , ,X, ,X,O,O, , ,0,"[143, 144, 209, 529, 1019]",False
 , ,X,O, , , ,O,X,0,"[151, 156, 168, 530, 1020]",False
 , ,X,O, , , ,X,O,0,"[152, 157, 169, 531, 1021]",False
 , ,X,O, , ,O, ,X,0,"[150, 158, 170, 532, 1022]",False
 , ,X,O, , ,O,X, ,0,"[150, 159, 171, 533, 1023]",False
 , ,X,O, , ,X, ,O,0,"[152, 160, 172, 534, 1024]",False
 , ,X,O, , ,X,O, ,0,"[151, 161, 173, 535, 1025]",False
 , ,X,O, ,O, , ,X,0,"[153, 154, 174, 536, 1026]",False
 , ,X,O, ,O, ,X, ,0,"[153, 155, 175, 537, 1027]",False
 , ,X,O, ,O,X, , ,0,"[154, 155, 176, 538, 1028]",False
 , ,X,O, ,X, , ,O,0,"[157, 160, 177, 539, 1029]",False
 , ,X,O, ,X, ,O, ,0,"[156, 161, 178, 540, 1030]",False
 , ,X,O, ,X,O, , ,0,"[158, 159, 179, 541, 1031]",False
 , ,X,O,O, , , ,X,0,"[162, 163, 165, 542, 1032]",False
 , ,X,O,O, , ,X, ,0,"[162, 164, 166, 543, 1033]",False
 , ,X,O,O, ,X, , ,0,"[163, 164, 167, 544, 1034]",False
 , ,X,O,O,X, , , ,0,"[165, 166, 167, 545, 1035]",False
 , ,X,O,X, , , ,O,0,"[169, 172, 177, 546, 1036]",False
 , ,X,O,X, , ,O, ,0,"[168, 173, 178, 547, 1037]",False
 , ,X,O,X, ,O, , ,0,"[170, 171, 179, 548, 1038]",False
 , ,X,O,X,O, , , ,0,"[174, 175, 176, 549, 1039]",False
 , ,X,X, , , ,O,O,0,"[182, 189, 204, 550, 1040]",False
 , ,X,X, , ,O, ,O,0,"[181, 190, 205, 551, 1041]",False
 , ,X,X, , ,O,O, ,0,"[180, 191, 206, 552, 1042]",False
 , ,X,X, ,O, , ,O,0,"[184, 187, 207, 553, 1043]",False
 , ,X,X, ,O, ,O, ,0,"[183, 188, 208, 554, 1044]",False
 , ,X,X, ,O,O, , ,0,"[185, 186, 209, 555, 1045]",False
 , ,X,X,O, , , ,O,0,"[193, 196, 201, 556, 1046]",False
 , ,X,X,O, , ,O, ,0,"[192, 197, 202, 557, 1047]",False
 , ,X,X,O, ,O, , ,0,"[194, 195, 203, 558, 1048]",False
 , ,X,X,O,O, , , ,0,"[198, 199, 200, 559, 1049]",False
 ,O, , , , ,O,X,X,0,"[211, 218, 240, 290, 1050]",False
 ,O, , , , ,X,O,X,0,"[212, 219, 241, 291, 1051]",False
 ,O, , , , ,X,X,O,0,"[213, 220, 242, 292, 1052]",False
 ,O, , , ,O, ,X,X,0,"[210, 221, 243, 293, 1053]",False
 ,O, , , ,O,X, ,X,0,"[210, 222, 244, 294, 1054]",False
 ,O, , , ,O,X,X, ,0,"[210, 223, 245, 295, 1055]",False
 ,O, , , ,X, ,O,X,0,"[212, 224, 246, 296, 1056]",False
 ,O, , , ,X, ,X,O,0,"[213, 225, 247, 297, 1057]",False
 ,O, , , ,X,O, ,X,0,"[211, 226, 248, 298, 1058]",False
 ,O, , , ,X,O,X, ,0,"[211, 227, 249, 299, 1059]",False
 ,O, , , ,X,X, ,O,0,"[213, 228, 250, 300, 1060]",False
 ,O, , , ,X,X,O, ,0,"[212, 229, 251, 301, 1061]",False
 ,O, , ,O, , ,X,X,0,"[214, 215, 252, 302, 1062]",False
 ,O, , ,O, ,X, ,X,0,"[214, 216, 253, 303, 1063]",False
 ,O, , ,O, ,X,X, ,0,"[214, 217, 254, 304, 1064]",False
 ,O, , ,O,X, , ,X,0,"[215, 216, 255, 305, 1065]",False
 ,O, , ,O,X, ,X, ,0,"[215, 217, 256, 306, 1066]",False
 ,O, , ,O,X,X, , ,0,"[216, 217, 257, 307, 1067]",False
 ,O, , ,X, , ,O,X,0,"[219, 224, 258, 308, 1068]",False
 ,O, , ,X, , ,X,O,0,"[220, 225, 259, 309, 1069]",False
 ,O, , ,X, ,O, ,X,0,"[218, 226, 260, 310, 1070]",False
 ,O, , ,X, ,O,X, ,0,"[218, 227, 261, 311, 1071]",False
 ,O, , ,X, ,X, ,O,0,"[220, 228, 262, 312, 1072]",False
 ,O, , ,X, ,X,O, ,0,"[219, 229, 263, 313, 1073]",False
 ,O, , ,X,O, , ,X,0,"[221, 222, 264, 314, 1074]",False
 ,O, , ,X,O, ,X, ,0,"[221, 223, 265, 315, 1075]",False
 ,O, , ,X,O,X, , ,0,"[222, 223, 266, 316, 1076]",False
 ,O, , ,X,X, , ,O,0,"[225, 228, 267, 317, 1077]",False
 ,O, , ,X,X, ,O, ,0,"[224, 229, 268, 318, 1078]",False
 ,O, , ,X,X,O, , ,0,"[226, 227, 269, 319, 1079]",False
 ,O, ,O, , , ,X,X,0,"[230, 231, 234, 320, 1080]",False
 ,O, ,O, , ,X, ,X,0,"[230, 232, 235, 321, 1081]",False
 ,O, ,O, , ,X,X, ,0,"[230, 233, 236, 322, 1082]",False
 ,O, ,O, ,X, , ,X,0,"[231, 232, 237, 323, 1083]",False
 ,O, ,O, ,X, ,X, ,0,"[231, 233, 238, 324, 1084]",False
 ,O, ,O, ,X,X, , ,0,"[232, 233, 239, 325, 1085]",False
 ,O, ,O,X, , , ,X,0,"[234, 235, 237, 326, 1086]",False
 ,O, ,O,X, , ,X, ,0,"[234, 236, 238, 327, 1087]",False
 ,O, ,O,X, ,X, , ,0,"[235, 236, 239, 328, 1088]",False
 ,O, ,O,X,X, , , ,0,"[237, 238, 239, 329, 1089]",False
 ,O, ,X, , , ,O,X,0,"[241, 246, 258, 330, 1090]",False
 ,O, ,X, , , ,X,O,0,"[242, 247, 259, 331, 1091]",False
 ,O, ,X, , ,O, ,X,0,"[240, 248, 260, 332, 1092]",False
 ,O, ,X, , ,O,X, ,0,"[240, 249, 261, 333, 1093]",False
 ,O, ,X, , ,X, ,O,0,"[242, 250, 262, 334, 1094]",False
 ,O, ,X, , ,X,O, ,0,"[241, 251, 263, 335, 1095]",False
 ,O, ,X, ,O, , ,X,0,"[243, 244, 264, 336, 1096]",False
 ,O, ,X, ,O, ,X, ,0,"[243, 245, 265, 337, 1097]",False
 ,O, ,X, ,O,X, , ,0,"[244, 245, 266, 338, 1098]",False
 ,O, ,X, ,X, , ,O,0,"[247, 250, 267, 339, 1099]",False
 ,O, ,X, ,X, ,O, ,0,"[246, 251, 268, 340, 1100]",False
 ,O, ,X, ,X,O, , ,0,"[248, 249, 269, 341, 1101]",False
 ,O, ,X,O, , , ,X,0,"[252, 253, 255, 342, 1102]",False
 ,O, ,X,O, , ,X, ,0,"[252, 254, 256, 343, 1103]",False
 ,O, ,X,O, ,X, , ,0,"[253, 254, 257, 344, 1104]",False
 ,O, ,X,O,X, , , ,0,"[255, 256, 257, 345, 1105]",False
 ,O, ,X,X, , , ,O,0,"[259, 262, 267, 346, 1106]",False
 ,O, ,X,X, , ,O, ,0,"[258, 263, 268, 347, 1107]",False
 ,O, ,X,X, ,O, , ,0,"[260, 261, 269, 348, 1108]",False
 ,O, ,X,X,O, , , ,0,"[264, 265, 266, 349, 1109]",False
 ,O,O, , , , ,X,X,0,"[270, 271, 274, 280, 1110]",False
 ,O,O, , , ,X, ,X,0,"[270, 272, 275, 281, 1111]",False
 ,O,O, , , ,X,X, ,0,"[270, 273, 276, 282, 1112]",False
 ,O,O, , ,X, , ,X,0,"[271, 272, 277, 283, 1113]",False
 ,O,O, , ,X, ,X, ,0,"[271, 273, 278, 284, 1114]",False
 ,O,O, , ,X,X, , ,0,"[272, 273, 279, 285, 1115]",False
 ,O,O, ,X, , , ,X,0,"[274, 275, 277, 286, 1116]",False
 ,O,O, ,X, , ,X, ,0,"[274, 276, 278, 287, 1117]",False
 ,O,O, ,X, ,X, , ,0,"[275, 276, 279, 288, 1118]",False
 ,O,O, ,X,X, , , ,0,"[277, 278, 279, 289, 1119]",False
 ,O,O,X, , , , ,X,0,"[280, 281, 283, 286, 1120]",False
 ,O,O,X, , , ,X, ,0,"[280, 282, 284, 287, 1121]",False
 ,O,O,X, , ,X, , ,0,"[281, 282, 285, 288, 1122]",False
 ,O,O,X, ,X, , , ,0,"[283, 284, 285, 289, 1123]",False
 ,O,O,X,X, , , , ,0,"[286, 287, 288, 289, 1124]",False
 ,O,X, , , , ,O,X,0,"[291, 296, 308, 330, 1125]",False
 ,O,X, , , , ,X,O,0,"[292, 297, 309, 331, 1126]",False
 ,O,X, , , ,O, ,X,0,"[290, 298, 310, 332, 1127]",False
 ,O,X, , , ,O,X, ,0,"[290, 299, 311, 333, 1128]",False
 ,O,X, , , ,X, ,O,0,"[292, 300, 312, 334, 1129]",False
 ,O,X, , , ,X,O, ,0,"[291, 301, 313, 335, 1130]",False
 ,O,X, , ,O, , ,X,0,"[293, 294, 314, 336, 1131]",False
 ,O,X, , ,O, ,X, ,0,"[293, 295, 315, 337, 1132]",False
 ,O,X, , ,O,X, , ,0,"[294, 295, 316, 338, 1133]",False
 ,O,X, , ,X, , ,O,0,"[297, 300, 317, 339, 1134]",False
 ,O,X, , ,X, ,O, ,0,"[296, 301, 318, 340, 1135]",False
 ,O,X, , ,X,O, , ,0,"[298, 299, 319, 341, 1136]",False
 ,O,X, ,O, , , ,X,0,"[302, 303, 305, 342, 1137]",False
 ,O,X, ,O, , ,X, ,0,"[302, 304, 306, 343, 1138]",False
 ,O,X, ,O, ,X, , ,0,"[303, 304, 307, 344, 1139]",False
 ,O,X, ,O,X, , , ,0,"[305, 306, 307, 345, 1140]",False
 ,O,X, ,X, , , ,O,0,"[309, 312, 317, 346, 1141]",False
 ,O,X, ,X, , ,O, ,0,"[308, 313, 318, 347, 1142]",False
 ,O,X, ,X, ,O, , ,0,"[310, 311, 319, 348, 1143]",False
 ,O,X, ,X,O, , , ,0,"[314, 315, 316, 349, 1144]",False
 ,O,X,O, , , , ,X,0,"[320, 321, 323, 326, 1145]",False
 ,O,X,O, , , ,X, ,0,"[320, 322, 324, 327, 1146]",False
 ,O,X,O, , ,X, , ,0,"[321, 322, 325, 328, 1147]",False
 ,O,X,O, ,X, , , ,0,"[323, 324, 325, 329, 1148]",False
 ,O,X,O,X, , , , ,0,"[326, 327, 328, 329, 1149]",False
 ,O,X,X, , , , ,O,0,"[331, 334, 339, 346, 1150]",False
 ,O,X,X, , , ,O, ,0,"[330, 335, 340, 347, 1151]",False
 ,O,X,X, , ,O, , ,0,"[332, 333, 341, 348, 1152]",False
 ,O,X,X, ,O, , , ,0,"[336, 337, 338, 349, 1153]",False
 ,O,X,X,O, , , , ,0,"[342, 343, 344, 345, 1154]",False
 ,X, , , , ,O,O,X,0,"[353, 368, 410, 500, 1155]",False
 ,X, , , , ,O,X,O,0,"[354, 369, 411, 501, 1156]",False
 ,X, , , , ,X,O,O,0,"[355, 370, 412, 502, 1157]",False
 ,X, , , ,O, ,O,X,0,"[351, 371, 413, 503, 1158]",False
 ,X, , , ,O, ,X,O,0,"[352, 372, 414, 504, 1159]",False
 ,X, , , ,O,O, ,X,0,"[350, 373, 415, 505, 1160]",False
 ,X, , , ,O,O,X, ,0,"[350, 374, 416, 506, 1161]",False
 ,X, , , ,O,X, ,O,0,"[352, 375, 417, 507, 1162]",False
 ,X, , , ,O,X,O, ,0,"[351, 376, 418, 508, 1163]",False
 ,X, , , ,X, ,O,O,0,"[355, 377, 419, 509, 1164]",False
 ,X, , , ,X,O, ,O,0,"[354, 378, 420, 510, 1165]",False
 ,X, , , ,X,O,O, ,0,"[353, 379, 421, 511, 1166]",False
 ,X, , ,O, , ,O,X,0,"[357, 362, 422, 512, 1167]",False
 ,X, , ,O, , ,X,O,0,"[358, 363, 423, 513, 1168]",False
 ,X, , ,O, ,O, ,X,0,"[356, 364, 424, 514, 1169]",False
 ,X, , ,O, ,O,X, ,0,"[356, 365, 425, 515, 1170]",False
 ,X, , ,O, ,X, ,O,0,"[358, 366, 426, 516, 1171]",False
 ,X, , ,O, ,X,O, ,0,"[357, 367, 427, 517, 1172]",False
 ,X, , ,O,O, , ,X,0,"[359, 360, 428, 518, 1173]",False
 ,X, , ,O,O, ,X, ,0,"[359, 361, 429, 519, 1174]",False
 ,X, , ,O,O,X, , ,0,"[360, 361, 430, 520, 1175]",False
 ,X, , ,O,X, , ,O,0,"[363, 366, 431, 521, 1176]",False
 ,X, , ,O,X, ,O, ,0,"[362, 367, 432, 522, 1177]",False
 ,X, , ,O,X,O, , ,0,"[364, 365, 433, 523, 1178]",False
 ,X, , ,X, , ,O,O,0,"[370, 377, 434, 524, 1179]",False
 ,X, , ,X, ,O, ,O,0,"[369, 378, 435, 525, 1180]",False
 ,X, , ,X, ,O,O, ,0,"[368, 379, 436, 526, 1181]",False
 ,X, , ,X,O, , ,O,0,"[372, 375, 437, 527, 1182]",False
 ,X, , ,X,O, ,O, ,0,"[371, 376, 438, 528, 1183]",False
 ,X, , ,X,O,O, , ,0,"[373, 374, 439, 529, 1184]",False
 ,X, ,O, , , ,O,X,0,"[381, 386, 398, 530, 1185]",False
 ,X, ,O, , , ,X,O,0,"[382, 387, 399, 531, 1186]",False
 ,X, ,O, , ,O, ,X,0,"[380, 388, 400, 532, 1187]",False
 ,X, ,O, , ,O,X, ,0,"[380, 389, 401, 533, 1188]",False
 ,X, ,O, , ,X, ,O,0,"[382, 390, 402, 534, 1189]",False
 ,X, ,O, , ,X,O, ,0,"[381, 391, 403, 535, 1190]",False
 ,X, ,O, ,O, , ,X,0,"[383, 384, 404, 536, 1191]",False
 ,X, ,O, ,O, ,X, ,0,"[383, 385, 405, 537, 1192]",False
 ,X, ,O, ,O,X, , ,0,"[384, 385, 406, 538, 1193]",False
 ,X, ,O, ,X, , ,O,0,"[387, 390, 407, 539, 1194]",False
 ,X, ,O, ,X, ,O, ,0,"[386, 391, 408, 540, 1195]",False
 ,X, ,O, ,X,O, , ,0,"[388, 389, 409, 541, 1196]",False
 ,X, ,O,O, , , ,X,0,"[392, 393, 395, 542, 1197]",False
 ,X, ,O,O, , ,X, ,0,"[392, 394, 396, 543, 1198]",False
 ,X, ,O,O, ,X, , ,0,"[393, 394, 397, 544, 1199]",False
 ,X, ,O,O,X, , , ,0,"[395, 396, 397, 545, 1200]",False
 ,X, ,O,X, , , ,O,0,"[399, 402, 407, 546, 1201]",False
 ,X, ,O,X, , ,O, ,0,"[398, 403, 408, 547, 1202]",False
 ,X, ,O,X, ,O, , ,0,"[400, 401, 409, 548, 1203]",False
 ,X, ,O,X,O, , , ,0,"[404, 405, 406, 549, 1204]",False
 ,X, ,X, , , ,O,O,0,"[412, 419, 434, 550, 1205]",False
 ,X, ,X, , ,O, ,O,0,"[411, 420, 435, 551, 1206]",False
 ,X, ,X, , ,O,O, ,0,"[410, 421, 436, 552, 1207]",False
 ,X, ,X, ,O, , ,O,0,"[414, 417, 437, 553, 1208]",False
 ,X, ,X, ,O, ,O, ,0,"[413, 418, 438, 554, 1209]",False
 ,X, ,X, ,O,O, , ,0,"[415, 416, 439, 555, 1210]",False
 ,X, ,X,O, , , ,O,0,"[423, 426, 431, 556, 1211]",False
 ,X, ,X,O, , ,O, ,0,"[422, 427, 432, 557, 1212]",False
 ,X, ,X,O, ,O, , ,0,"[424, 425, 433, 558, 1213]",False
 ,X, ,X,O,O, , , ,0,"[428, 429, 430, 559, 1214]",False
 ,X,O, , , , ,O,X,0,"[441, 446, 458, 480, 1215]",False
 ,X,O, , , , ,X,O,0,"[442, 447, 459, 481, 1216]",False
 ,X,O, , , ,O, ,X,0,"[440, 448, 460, 482, 1217]",False
 ,X,O, , , ,O,X, ,0,"[440, 449, 461, 483, 1218]",False
 ,X,O, , , ,X, ,O,0,"[442, 450, 462, 484, 1219]",False
 ,X,O, , , ,X,O, ,0,"[441, 451, 463, 485, 1220]",False
 ,X,O, , ,O, , ,X,0,"[443, 444, 464, 486, 1221]",False
 ,X,O, , ,O, ,X, ,0,"[443, 445, 465, 487, 1222]",False
 ,X,O, , ,O,X, , ,0,"[444, 445, 466, 488, 1223]",False
 ,X,O, , ,X, , ,O,0,"[447, 450, 467, 489, 1224]",False
 ,X,O, , ,X, ,O, ,0,"[446, 451, 468, 490, 1225]",False
 ,X,O, , ,X,O, , ,0,"[448, 449, 469, 491, 1226]",False
 ,X,O, ,O, , , ,X,0,"[452, 453, 455, 492, 1227]",False
 ,X,O, ,O, , ,X, ,0,"[452, 454, 456, 493, 1228]",False
 ,X,O, ,O, ,X, , ,0,"[453, 454, 457, 494, 1229]",False
 ,X,O, ,O,X, , , ,0,"[455, 456, 457, 495, 1230]",False
 ,X,O, ,X, , , ,O,0,"[459, 462, 467, 496, 1231]",False
 ,X,O, ,X, , ,O, ,0,"[458, 463, 468, 497, 1232]",False
 ,X,O, ,X, ,O, , ,0,"[460, 461, 469, 498, 1233]",False
 ,X,O, ,X,O, , , ,0,"[464, 465, 466, 499, 1234]",False
 ,X,O,O, , , , ,X,0,"[470, 471, 473, 476, 1235]",False
 ,X,O,O, , , ,X, ,0,"[470, 472, 474, 477, 1236]",False
 ,X,O,O, , ,X, , ,0,"[471, 472, 475, 478, 1237]",False
 ,X,O,O, ,X, , , ,0,"[473, 474, 475, 479, 1238]",False
 ,X,O,O,X, , , , ,0,"[476, 477, 478, 479, 1239]",False
 ,X,O,X, , , , ,O,0,"[481, 484, 489, 496, 1240]",False
 ,X,O,X, , , ,O, ,0,"[480, 485, 490, 497, 1241]",False
 ,X,O,X, , ,O, , ,0,"[482, 483, 491, 498, 1242]",False
 ,X,O,X, ,O, , , ,0,"[486, 487, 488, 499, 1243]",False
 ,X,O,X,O, , , , ,0,"[492, 493, 494, 495, 1244]",False
 ,X,X, , , , ,O,O,0,"[502, 509, 524, 550, 1245]",False
 ,X,X, , , ,O, ,O,0,"[501, 510, 525, 551, 1246]",False
 ,X,X, , , ,O,O, ,0,"[500, 511, 526, 552, 1247]",False
 ,X,X, , ,O, , ,O,0,"[504, 507, 527, 553, 1248]",False
 ,X,X, , ,O, ,O, ,0,"[503, 508, 528, 554, 1249]",False
 ,X,X, , ,O,O, , ,0,"[505, 506, 529, 555, 1250]",False
 ,X,X, ,O, , , ,O,0,"[513, 516, 521, 556, 1251]",False
 ,X,X, ,O, , ,O, ,0,"[512, 517, 522, 557, 1252]",False
 ,X,X, ,O, ,O, , ,0,"[514, 515, 523, 558, 1253]",False
 ,X,X, ,O,O, , , ,0,"[518, 519, 520, 559, 1254]",False
 ,X,X,O, , , , ,O,0,"[531, 534, 539, 546, 1255]",False
 ,X,X,O, , , ,O, ,0,"[530, 535, 540, 547, 1256]",False
 ,X,X,O, , ,O, , ,0,"[532, 533, 541, 548, 1257]",False
 ,X,X,O, ,O, , , ,0,"[536, 537, 538, 549, 1258]",False
 ,X,X,O,O, , , , ,0,"[542, 543, 544, 545, 1259]",False
O, , , , , ,O,X,X,0,"[561, 568, 590, 640, 735]",False
O, , , , , ,X,O,X,0,"[562, 569, 591, 641, 736]",False
O, , , , , ,X,X,O,0,"[563, 570, 592, 642, 737]",False
O, , , , ,O, ,X,X,0,"[560, 571, 593, 643, 738]",False
O, , , , ,O,X, ,X,0,"[560, 572, 594, 644, 739]",False
O, , , , ,O,X,X, ,0,"[560, 573, 595, 645, 740]",False
O, , , , ,X, ,O,X,0,"[562, 574, 596, 646, 741]",False
O, , , , ,X, ,X,O,0,"[563, 575, 597, 647, 742]",False
O, , , , ,X,O, ,X,0,"[561, 576, 598, 648, 743]",False
O, , , , ,X,O,X, ,0,"[561, 577, 599, 649, 744]",False
O, , , , ,X,X, ,O,0,"[563, 578, 600, 650, 745]",False
O, , , , ,X,X,O, ,0,"[562, 579, 601, 651, 746]",False
O, , , ,O, , ,X,X,0,"[564, 565, 602, 652, 747]",False
O, , , ,O, ,X, ,X,0,"[564, 566, 603, 653, 748]",False
O, , , ,O, ,X,X, ,0,"[564, 567, 604, 654, 749]",False
O, , , ,O,X, , ,X,0,"[565, 566, 605, 655, 750]",False
O, , , ,O,X, ,X, ,0,"[565, 567, 606, 656, 751]",False
O, , , ,O,X,X, , ,0,"[566, 567, 607, 657, 752]",False
O, , , ,X, , ,O,X,0,"[569, 574, 608, 658, 753]",False
O, , , ,X, , ,X,O,0,"[570, 575, 609, 659, 754]",False
O, , , ,X, ,O, ,X,0,"[568, 576, 610, 660, 755]",False
O, , , ,X, ,O,X, ,0,"[568, 577, 611, 661, 756]",False
O, , , ,X, ,X, ,O,0,"[570, 578, 612, 662, 757]",False
O, , , ,X, ,X,O, ,0,"[569, 579, 613, 663, 758]",False
O, , , ,X,O, , ,X,0,"[571, 572, 614, 664, 759]",False
O, , , ,X,O, ,X, ,0,"[571, 573, 615, 665, 760]",False
O, , , ,X,O,X, , ,0,"[572, 573, 616, 666, 761]",False
O, , , ,X,X, , ,O,0,"[575, 578, 617, 667, 762]",False
O, , , ,X,X, ,O, ,0,"[574, 579, 618, 668, 763]",False
O, , , ,X,X,O, , ,0,"[576, 577, 619, 669, 764]",False
O, , ,O, , , ,X,X,0,"[580, 581, 584, 670, 765]",False
O, , ,O, , ,X, ,X,0,"[580, 582, 585, 671, 766]",False
O, , ,O, , ,X,X, ,0,"[580, 583, 586, 672, 767]",False
O, , ,O, ,X, , ,X,0,"[581, 582, 587, 673, 768]",False
O, , ,O, ,X, ,X, ,0,"[581, 583, 588, 674, 769]",False
O, , ,O, ,X,X, , ,0,"[582, 583, 589, 675, 770]",False
O, , ,O,X, , , ,X,0,"[584, 585, 587, 676, 771]",False
O, , ,O,X, , ,X, ,0,"[584, 586, 588, 677, 772]",False
O, , ,O,X, ,X, , ,0,"[585, 586, 589, 678, 773]",False
O, , ,O,X,X, , , ,0,"[587, 588, 589, 679, 774]",False
O, , ,X, , , ,O,X,0,"[591, 596, 608, 680, 775]",False
O, , ,X, , , ,X,O,0,"[592, 597, 609, 681, 776]",False
O, , ,X, , ,O, ,X,0,"[590, 598, 610, 682, 777]",False
O, , ,X, , ,O,X, ,0,"[590, 599, 611, 683, 778]",False
O, , ,X, , ,X, ,O,0,"[592, 600, 612, 684, 779]",False
O, , ,X, , ,X,O, ,0,"[591, 601, 613, 685, 780]",False
O, , ,X, ,O, , ,X,0,"[593, 594, 614, 686, 781]",False
O, , ,X, ,O, ,X, ,0,"[593, 595, 615, 687, 782]",False
O, , ,X, ,O,X, , ,0,"[594, 595, 616, 688, 783]",False
O, , ,X, ,X, , ,O,0,"[597, 600, 617, 689, 784]",False
O, , ,X, ,X, ,O, ,0,"[596, 601, 618, 690, 785]",False
O, , ,X, ,X,O, , ,0,"[598, 599, 619, 691, 786]",False
O, , ,X,O, , , ,X,0,"[602, 603, 605, 692, 787]",False
O, , ,X,O, , ,X, ,0,"[602, 604, 606, 693, 788]",False
O, , ,X,O, ,X, , ,0,"[603, 604, 607, 694, 789]",False
O, , ,X,O,X, , , ,0,"[605, 606, 607, 695, 790]",False
O, , ,X,X, , , ,O,0,"[609, 612, 617, 696, 791]",False
O, , ,X,X, , ,O, ,0,"[608, 613, 618, 697, 792]",False
O, , ,X,X, ,O, , ,0,"[610, 611, 619, 698, 793]",False
O, , ,X,X,O, , , ,0,"[614, 615, 616, 699, 794]",False
O, ,O, , , , ,X,X,0,"[620, 621, 624, 630, 795]",False
O, ,O, , , ,X, ,X,0,"[620, 622, 625, 631, 796]",False
O, ,O, , , ,X,X, ,0,"[620, 623, 626, 632, 797]",False
O, ,O, , ,X, , ,X,0,"[621, 622, 627, 633, 798]",False
O, ,O, , ,X, ,X, ,0,"[621, 623, 628, 634, 799]",False
O, ,O, , ,X,X, , ,0,"[622, 623, 629, 635, 800]",False
O, ,O, ,X, , , ,X,0,"[624, 625, 627, 636, 801]",False
O, ,O, ,X, , ,X, ,0,"[624, 626, 628, 637, 802]",False
O, ,O, ,X, ,X, , ,0,"[625, 626, 629, 638, 803]",False
O, ,O, ,X,X, , , ,0,"[627, 628, 629, 639, 804]",False
O, ,O,X, , , , ,X,0,"[630, 631, 633, 636, 805]",False
O, ,O,X, , , ,X, ,0,"[630, 632, 634, 637, 806]",False
O, ,O,X, , ,X, , ,0,"[631, 632, 635, 638, 807]",False
O, ,O,X, ,X, , , ,0,"[633, 634, 635, 639, 808]",False
O, ,O,X,X, , , , ,0,"[636, 637, 638, 639, 809]",False
O, ,X, , , , ,O,X,0,"[641, 646, 658, 680, 810]",False
O, ,X, , , , ,X,O,0,"[642, 647, 659, 681, 811]",False
O, ,X, , , ,O, ,X,0,"[640, 648, 660, 682, 812]",False
O, ,X, , , ,O,X, ,0,"[640, 649, 661, 683, 813]",False
O, ,X, , , ,X, ,O,0,"[642, 650, 662, 684, 814]",False
O, ,X, , , ,X,O, ,0,"[641, 651, 663, 685, 815]",False
O, ,X, , ,O, , ,X,0,"[643, 644, 664, 686, 816]",False
O, ,X, , ,O, ,X, ,0,"[643, 645, 665, 687, 817]",False
O, ,X, , ,O,X, , ,0,"[644, 645, 666, 688, 818]",False
O, ,X, , ,X, , ,O,0,"[647, 650, 667, 689, 819]",False
O, ,X, , ,X, ,O, ,0,"[646, 651, 668, 690, 820]",False
O, ,X, , ,X,O, , ,0,"[648, 649, 669, 691, 821]",False
O, ,X, ,O, , , ,X,0,"[652, 653, 655, 692, 822]",False
O, ,X, ,O, , ,X, ,0,"[652, 654, 656, 693, 823]",False
O, ,X, ,O, ,X, , ,0,"[653, 654, 657, 694, 824]",False
O, ,X, ,O,X, , , ,0,"[655, 656, 657, 695, 825]",False
O, ,X, ,X, , , ,O,0,"[659, 662, 667, 696, 826]",False
O, ,X, ,X, , ,O, ,0,"[658, 663, 668, 697, 827]",False
O, ,X, ,X, ,O, , ,0,"[660, 661, 669, 698, 828]",False
O, ,X, ,X,O, , , ,0,"[664, 665, 666, 699, 829]",False
O, ,X,O, , , , ,X,0,"[670, 671, 673, 676, 830]",False
O, ,X,O, , , ,X, ,0,"[670, 672, 674, 677, 831]",False
O, ,X,O, , ,X, , ,0,"[671, 672, 675, 678, 832]",False
O, ,X,O, ,X, , , ,0,"[673, 674, 675, 679, 833]",False
O, ,X,O,X, , , , ,0,"[676, 677, 678, 679, 834]",False
O, ,X,X, , , , ,O,0,"[681, 684, 689, 696, 835]",False
O, ,X,X, , , ,O, ,0,"[680, 685, 690, 697, 836]",False
O, ,X,X, , ,O, , ,0,"[682, 683, 691, 698, 837]",False
O, ,X,X, ,O, , , ,0,"[686, 687, 688, 699, 838]",False
O, ,X,X,O, , , , ,0,"[692, 693, 694, 695, 839]",False
O,O, , , , , ,X,X,0,"[700, 701, 704, 710, 720]",False
O,O, , , , ,X, ,X,0,"[700, 702, 705, 711, 721]",False
O,O, , , , ,X,X, ,0,"[700, 703, 706, 712, 722]",False
O,O, , , ,X, , ,X,0,"[701, 702, 707, 713, 723]",False
O,O, , , ,X, ,X, ,0,"[701, 703, 708, 714, 724]",False
O,O, , , ,X,X, , ,0,"[702, 703, 709, 715, 725]",False
O,O, , ,X, , , ,X,0,"[704, 705, 707, 716, 726]",False
O,O, , ,X, , ,X, ,0,"[704, 706, 708, 717, 727]",False
O,O, , ,X, ,X, , ,0,"[705, 706, 709, 718, 728]",False
O,O, , ,X,X, , , ,0,"[707, 708, 709, 719, 729]",False
O,O, ,X, , , , ,X,0,"[710, 711, 713, 716, 730]",False
O,O, ,X, , , ,X, ,0,"[710, 712, 714, 717, 731]",False
O,O, ,X, , ,X, , ,0,"[711, 712, 715, 718, 732]",False
O,O, ,X, ,X, , , ,0,"[713, 714, 715, 719, 733]",False
O,O, ,X,X, , , , ,0,"[716, 717, 718, 719, 734]",False
O,O,X, , , , , ,X,0,"[720, 721, 723, 726, 730]",False
O,O,X, , , , ,X, ,0,"[720, 722, 724, 727, 731]",False
O,O,X, , , ,X, , ,0,"[721, 722, 725, 728, 732]",False
O,O,X, , ,X, , , ,0,"[723, 724, 725, 729, 733]",False
O,O,X, ,X, , , , ,0,"[726, 727, 728, 729, 734]",False
O,O,X,X, , , , , ,0,"[730, 731, 732, 733, 734]",False
O,X, , , , , ,O,X,0,"[736, 741, 753, 775, 810]",False
O,X, , , , , ,X,O,0,"[737, 742, 754, 776, 811]",False
O,X, , , , ,O, ,X,0,"[735, 743, 755, 777, 812]",False
O,X, , , , ,O,X, ,0,"[735, 744, 756, 778, 813]",False
O,X, , , , ,X, ,O,0,"[737, 745, 757, 779, 814]",False
O,X, , , , ,X,O, ,0,"[736, 746, 758, 780, 815]",False
O,X, , , ,O, , ,X,0,"[738, 739, 759, 781, 816]",False
O,X, , , ,O, ,X, ,0,"[738, 740, 760, 782, 817]",False
O,X, , , ,O,X, , ,0,"[739, 740, 761, 783, 818]",False
O,X, , , ,X, , ,O,0,"[742, 745, 762, 784, 819]",False
O,X, , , ,X, ,O, ,0,"[741, 746, 763, 785, 820]",False
O,X, , , ,X,O, , ,0,"[743, 744, 764, 786, 821]",False
O,X, , ,O, , , ,X,0,"[747, 748, 750, 787, 822]",False
O,X, , ,O, , ,X, ,0,"[747, 749, 751, 788, 823]",False
O,X, , ,O, ,X, , ,0,"[748, 749, 752, 789, 824]",False
O,X, , ,O,X, , , ,0,"[750, 751, 752, 790, 825]",False
O,X, , ,X, , , ,O,0,"[754, 757, 762, 791, 826]",False
O,X, , ,X, , ,O, ,0,"[753, 758, 763, 792, 827]",False
O,X, , ,X, ,O, , ,0,"[755, 756, 764, 793, 828]",False
O,X, , ,X,O, , , ,0,"[759, 760, 761, 794, 829]",False
O,X, ,O, , , , ,X,0,"[765, 766, 768, 771, 830]",False
O,X, ,O, , , ,X, ,0,"[765, 767, 769, 772, 831]",False
O,X, ,O, , ,X, , ,0,"[766, 767, 770, 773, 832]",False
O,X, ,O, ,X, , , ,0,"[768, 769, 770, 774, 833]",False
O,X, ,O,X, , , , ,0,"[771, 772, 773, 774, 834]",False
O,X, ,X, , , , ,O,0,"[776, 779, 784, 791, 835]",False
O,X, ,X, , , ,O, ,0,"[775, 780, 785, 792, 836]",False
O,X, ,X, , ,O, , ,0,"[777, 778, 786, 793, 837]",False
O,X, ,X, ,O, , , ,0,"[781, 782, 783, 794, 838]",False
O,X, ,X,O, , , , ,0,"[787, 788, 789, 790, 839]",False
O,X,O, , , , , ,X,0,"[795, 796, 798, 801, 805]",False
O,X,O, , , , ,X, ,0,"[795, 797, 799, 802, 806]",False
O,X,O, , , ,X, , ,0,"[796, 797, 800, 803, 807]",False
O,X,O, , ,X, , , ,0,"[798, 799, 800, 804, 808]",False
O,X,O, ,X, , , , ,0,"[801, 802, 803, 804, 809]",False
O,X,O,X, , , , , ,0,"[805, 806, 807, 808, 809]",False
O,X,X, , , , , ,O,0,"[811, 814, 819, 826, 835]",False
O,X,X, , , , ,O, ,0,"[810, 815, 820, 827, 836]",False
O,X,X, , , ,O, , ,0,"[812, 813, 821, 828, 837]",False
O,X,X, , ,O, , , ,0,"[816, 817, 818, 829, 838]",False
O,X,X, ,O, , , , ,0,"[822, 823, 824, 825, 839]",False
O,X,X,O, , , , , ,0,"[830, 831, 832, 833, 834]",False
X, , , , , ,O,O,X,0,"[843, 858, 900, 990, 1155]",False
X, , , , , ,O,X,O,0,"[844, 859, 901, 991, 1156]",False
X, , , , , ,X,O,O,0,"[845, 860, 902, 992, 1157]",False
X, , , , ,O, ,O,X,0,"[841, 861, 903, 993, 1158]",False
X, , , , ,O, ,X,O,0,"[842, 862, 904, 994, 1159]",False
X, , , , ,O,O, ,X,0,"[840, 863, 905, 995, 1160]",False
X, , , , ,O,O,X, ,0,"[840, 864, 906, 996, 1161]",False
X, , , , ,O,X, ,O,0,"[842, 865, 907, 997, 1162]",False
X, , , , ,O,X,O, ,0,"[841, 866, 908, 998, 1163]",False
X, , , , ,X, ,O,O,0,"[845, 867, 909, 999, 1164]",False
X, , , , ,X,O, ,O,0,"[844, 868, 910, 1000, 1165]",False
X, , , , ,X,O,O, ,0,"[843, 869, 911, 1001, 1166]",False
X, , , ,O, , ,O,X,0,"[847, 852, 912, 1002, 1167]",False
X, , , ,O, , ,X,O,0,"[848, 853, 913, 1003, 1168]",False
X, , , ,O, ,O, ,X,0,"[846, 854, 914, 1004, 1169]",False
X, , , ,O, ,O,X, ,0,"[846, 855, 915, 1005, 1170]",False
X, , , ,O, ,X, ,O,0,"[848, 856, 916, 1006, 1171]",False
X, , , ,O, ,X,O, ,0,"[847, 857, 917, 1007, 1172]",False
X, , , ,O,O, , ,X,0,"[849, 850, 918, 1008, 1173]",False
X, , , ,O,O, ,X, ,0,"[849, 851, 919, 1009, 1174]",False
X, , , ,O,O,X, , ,0,"[850, 851, 920, 1010, 1175]",False
X, , , ,O,X, , ,O,0,"[853, 856, 921, 1011, 1176]",False
X, , , ,O,X, ,O, ,0,"[852, 857, 922, 1012, 1177]",False
X, , , ,O,X,O, , ,0,"[854, 855, 923, 1013, 1178]",False
X, , , ,X, , ,O,O,0,"[860, 867, 924, 1014, 1179]",False
X, , , ,X, ,O, ,O,0,"[859, 868, 925, 1015, 1180]",False
X, , , ,X, ,O,O, ,0,"[858, 869, 926, 1016, 1181]",False
X, , , ,X,O, , ,O,0,"[862, 865, 927, 1017, 1182]",False
X, , , ,X,O, ,O, ,0,"[861, 866, 928, 1018, 1183]",False
X, , , ,X,O,O, , ,0,"[863, 864, 929, 1019, 1184]",False
X, , ,O, , , ,O,X,0,"[871, 876, 888, 1020, 1185]",False
X, , ,O, , , ,X,O,0,"[872, 877, 889, 1021, 1186]",False
X, , ,O, , ,O, ,X,0,"[870, 878, 890, 1022, 1187]",False
X, , ,O, , ,O,X, ,0,"[870, 879, 891, 1023, 1188]",False
X, , ,O, , ,X, ,O,0,"[872, 880, 892, 1024, 1189]",False
X, , ,O, , ,X,O, ,0,"[871, 881, 893, 1025, 1190]",False
X, , ,O, ,O, , ,X,0,"[873, 874, 894, 1026, 1191]",False
X, , ,O, ,O, ,X, ,0,"[873, 875, 895, 1027, 1192]",False
X, , ,O, ,O,X, , ,0,"[874, 875, 896, 1028, 1193]",False
X, , ,O, ,X, , ,O,0,"[877, 880, 897, 1029, 1194]",False
X, , ,O, ,X, ,O, ,0,"[876, 881, 898, 1030, 1195]",False
X, , ,O, ,X,O, , ,0,"[878, 879, 899, 1031, 1196]",False
X, , ,O,O, , , ,X,0,"[882, 883, 885, 1032, 1197]",False
X, , ,O,O, , ,X, ,0,"[882, 884, 886, 1033, 1198]",False
X, , ,O,O, ,X, , ,0,"[883, 884, 887, 1034, 1199]",False
X, , ,O,O,X, , , ,0,"[885, 886, 887, 1035, 1200]",False
X, , ,O,X, , , ,O,0,"[889, 892, 897, 1036, 1201]",False
X, , ,O,X, , ,O, ,0,"[888, 893, 898, 1037, 1202]",False
X, , ,O,X, ,O, , ,0,"[890, 891, 899, 1038, 1203]",False
X, , ,O,X,O, , , ,0,"[894, 895, 896, 1039, 1204]",False
X, , ,X, , , ,O,O,0,"[902, 909, 924, 1040, 1205]",False
X, , ,X, , ,O, ,O,0,"[901, 910, 925, 1041, 1206]",False
X, , ,X, , ,O,O, ,0,"[900, 911, 926, 1042, 1207]",False
X, , ,X, ,O, , ,O,0,"[904, 907, 927, 1043, 1208]",False
X, , ,X, ,O, ,O, ,0,"[903, 908, 928, 1044, 1209]",False
X, , ,X, ,O,O, , ,0,"[905, 906, 929, 1045, 1210]",False
X, , ,X,O, , , ,O,0,"[913, 916, 921, 1046, 1211]",False
X, , ,X,O, , ,O, ,0,"[912, 917, 922, 1047, 1212]",False
X, , ,X,O, ,O, , ,0,"[914, 915, 923, 1048, 1213]",False
X, , ,X,O,O, , , ,0,"[918, 919, 920, 1049, 1214]",False
X, ,O, , , , ,O,X,0,"[931, 936, 948, 970, 1215]",False
X, ,O, , , , ,X,O,0,"[932, 937, 949, 971, 1216]",False
X, ,O, , , ,O, ,X,0,"[930, 938, 950, 972, 1217]",False
X, ,O, , , ,O,X, ,0,"[930, 939, 951, 973, 1218]",False
X, ,O, , , ,X, ,O,0,"[932, 940, 952, 974, 1219]",False
X, ,O, , , ,X,O, ,0,"[931, 941, 953, 975, 1220]",False
X, ,O, , ,O, , ,X,0,"[933, 934, 954, 976, 1221]",False
X, ,O, , ,O, ,X, ,0,"[933, 935, 955, 977, 1222]",False
X, ,O, , ,O,X, , ,0,"[934, 935, 956, 978, 1223]",False
X, ,O, , ,X, , ,O,0,"[937, 940, 957, 979, 1224]",False
X, ,O, , ,X, ,O, ,0,"[936, 941, 958, 980, 1225]",False
X, ,O, , ,X,O, , ,0,"[938, 939, 959, 981, 1226]",False
X, ,O, ,O, , , ,X,0,"[942, 943, 945, 982, 1227]",False
X, ,O, ,O, , ,X, ,0,"[942, 944, 946, 983, 1228]",False
X, ,O, ,O, ,X, , ,0,"[943, 944, 947, 984, 1229]",False
X, ,O, ,O,X, , , ,0,"[945, 946, 947, 985, 1230]",False
X, ,O, ,X, , , ,O,0,"[949, 952, 957, 986, 1231]",False
X, ,O, ,X, , ,O, ,0,"[948, 953, 958, 987, 1232]",False
X, ,O, ,X, ,O, , ,0,"[950, 951, 959, 988, 1233]",False
X, ,O, ,X,O, , , ,0,"[954, 955, 956, 989, 1234]",False
X, ,O,O, , , , ,X,0,"[960, 961, 963, 966, 1235]",False
X, ,O,O, , , ,X, ,0,"[960, 962, 964, 967, 1236]",False
X, ,O,O, , ,X, , ,0,"[961, 962, 965, 968, 1237]",False
X, ,O,O, ,X, , , ,0,"[963, 964, 965, 969, 1238]",False
X, ,O,O,X, , , , ,0,"[966, 967, 968, 969, 1239]",False
X, ,O,X, , , , ,O,0,"[971, 974, 979, 986, 1240]",False
X, ,O,X, , , ,O, ,0,"[970, 975, 980, 987, 1241]",False
X, ,O,X, , ,O, , ,0,"[972, 973, 981, 988, 1242]",False
X, ,O,X, ,O, , , ,0,"[976, 977, 978, 989, 1243]",False
X, ,O,X,O, , , , ,0,"[982, 983, 984, 985, 1244]",False
X, ,X, , , , ,O,O,0,"[992, 999, 1014, 1040, 1245]",False
X, ,X, , , ,O, ,O,0,"[991, 1000, 1015, 1041, 1246]",False
X, ,X, , , ,O,O, ,0,"[990, 1001, 1016, 1042, 1247]",False
X, ,X, , ,O, , ,O,0,"[994, 997, 1017, 1043, 1248]",False
X, ,X, , ,O, ,O, ,0,"[993, 998, 1018, 1044, 1249]",False
X, ,X, , ,O,O, , ,0,"[995, 996, 1019, 1045, 1250]",False
X, ,X, ,O, , , ,O,0,"[1003, 1006, 1011, 1046, 1251]",False
X, ,X, ,O, , ,O, ,0,"[1002, 1007, 1012, 1047, 1252]",False
X, ,X, ,O, ,O, , ,0,"[1004, 1005, 1013, 1048, 1253]",False
X, ,X, ,O,O, , , ,0,"[1008, 1009, 1010, 1049, 1254]",False
X, ,X,O, , , , ,O,0,"[1021, 1024, 1029, 1036, 1255]",False
X, ,X,O, , , ,O, ,0,"[1020, 1025, 1030, 1037, 1256]",False
X, ,X,O, , ,O, , ,0,"[1022, 1023, 1031, 1038, 1257]",False
X, ,X,O, ,O, , , ,0,"[1026, 1027, 1028, 1039, 1258]",False
X, ,X,O,O, , , , ,0,"[1032, 1033, 1034, 1035, 1259]",False
X,O, , , , , ,O,X,0,"[1051, 1056, 1068, 1090, 1125]",False
X,O, , , , , ,X,O,0,"[1052, 1057, 1069, 1091, 1126]",False
X,O, , , , ,O, ,X,0,"[1050, 1058, 1070, 1092, 1127]",False
X,O, , , , ,O,X, ,0,"[1050, 1059, 1071, 1093, 1128]",False
X,O, , , , ,X, ,O,0,"[1052, 1060, 1072, 1094, 1129]",False
X,O, , , , ,X,O, ,0,"[1051, 1061, 1073, 1095, 1130]",False
X,O, , , ,O, , ,X,0,"[1053, 1054, 1074, 1096, 1131]",False
X,O, , , ,O, ,X, ,0,"[1053, 1055, 1075, 1097, 1132]",False
X,O, , , ,O,X, , ,0,"[1054, 1055, 1076, 1098, 1133]",False
X,O, , , ,X, , ,O,0,"[1057, 1060, 1077, 1099, 1134]",False
X,O, , , ,X, ,O, ,0,"[1056, 1061, 1078, 1100, 1135]",False
X,O, , , ,X,O, , ,0,"[1058, 1059, 1079, 1101, 1136]",False
X,O, , ,O, , , ,X,0,"[1062, 1063, 1065, 1102, 1137]",False
X,O, , ,O, , ,X, ,0,"[1062, 1064, 1066, 1103, 1138]",False
X,O, , ,O, ,X, , ,0,"[1063, 1064, 1067, 1104, 1139]",False
X,O, , ,O,X, , , ,0,"[1065, 1066, 1067, 1105, 1140]",False
X,O, , ,X, , , ,O,0,"[1069, 1072, 1077, 1106, 1141]",False
X,O, , ,X, , ,O, ,0,"[1068, 1073, 1078, 1107, 1142]",False
X,O, , ,X, ,O, , ,0,"[1070, 1071, 1079, 1108, 1143]",False
X,O, , ,X,O, , , ,0,"[1074, 1075, 1076, 1109, 1144]",False
X,O, ,O, , , , ,X,0,"[1080, 1081, 1083, 1086, 1145]",False
X,O, ,O, , , ,X, ,0,"[1080, 1082, 1084, 1087, 1146]",False
X,O, ,O, , ,X, , ,0,"[1081, 1082, 1085, 1088, 1147]",False
X,O, ,O, ,X, , , ,0,"[1083, 1084, 1085, 1089, 1148]",False
X,O, ,O,X, , , , ,0,"[1086, 1087, 1088, 1089, 1149]",False
X,O, ,X, , , , ,O,0,"[1091, 1094, 1099, 1106, 1150]",False
X,O, ,X, , , ,O, ,0,"[1090, 1095, 1100, 1107, 1151]",False
X,O, ,X, , ,O, , ,0,"[1092, 1093, 1101, 1108, 1152]",False
X,O, ,X, ,O, , , ,0,"[1096, 1097, 1098, 1109, 1153]",False
X,O, ,X,O, , , , ,0,"[1102, 1103, 1104, 1105, 1154]",False
X,O,O, , , , , ,X,0,"[1110, 1111, 1113, 1116, 1120]",False
X,O,O, , , , ,X, ,0,"[1110, 1112, 1114, 1117, 1121]",False
X,O,O, , , ,X, , ,0,"[1111, 1112, 1115, 1118, 1122]",False
X,O,O, , ,X, , , ,0,"[1113, 1114, 1115, 1119, 1123]",False
X,O,O, ,X, , , , ,0,"[1116, 1117, 1118, 1119, 1124]",False
X,O,O,X, , , , , ,0,"[1120, 1121, 1122, 1123, 1124]",False
X,O,X, , , , , ,O,0,"[1126, 1129, 1134, 1141, 1150]",False
X,O,X, , , , ,O, ,0,"[1125, 1130, 1135, 1142, 1151]",False
X,O,X, , , ,O, , ,0,"[1127, 1128, 1136, 1143, 1152]",False
X,O,X, , ,O, , , ,0,"[1131, 1132, 1133, 1144, 1153]",False
X,O,X, ,O, , , , ,0,"[1137, 1138, 1139, 1140, 1154]",False
X,O,X,O, , , , , ,0,"[1145, 1146, 1147, 1148, 1149]",False
X,X, , , , , ,O,O,0,"[1157, 1164, 1179, 1205, 1245]",False
X,X, , , , ,O, ,O,0,"[1156, 1165, 1180, 1206, 1246]",False
X,X, , , , ,O,O, ,0,"[1155, 1166, 1181, 1207, 1247]",False
X,X, , , ,O, , ,O,0,"[1159, 1162, 1182, 1208, 1248]",False
X,X, , , ,O, ,O, ,0,"[1158, 1163, 1183, 1209, 1249]",False
X,X, , , ,O,O, , ,0,"[1160, 1161, 1184, 1210, 1250]",False
X,X, , ,O, , , ,O,0,"[1168, 1171, 1176, 1211, 1251]",False
X,X, , ,O, , ,O, ,0,"[1167, 1172, 1177, 1212, 1252]",False
X,X, , ,O, ,O, , ,0,"[1169, 1170, 1178, 1213, 1253]",False
X,X, , ,O,O, , , ,0,"[1173, 1174, 1175, 1214, 1254]",False
X,X, ,O, , , , ,O,0,"[1186, 1189, 1194, 1201, 1255]",False
X,X, ,O, , , ,O, ,0,"[1185, 1190, 1195, 1202, 1256]",False
X,X, ,O, , ,O, , ,0,"[1187, 1188, 1196, 1203, 1257]",False
X,X, ,O, ,O, , , ,0,"[1191, 1192, 1193, 1204, 1258]",False
X,X, ,O,O, , , , ,0,"[1197, 1198, 1199, 1200, 1259]",False
X,X,O, , , , , ,O,0,"[1216, 1219, 1224, 1231, 1240]",False
X,X,O, , , , ,O, ,0,"[1215, 1220, 1225, 1232, 1241]",False
X,X,O, , , ,O, , ,0,"[1217, 1218, 1226, 1233, 1242]",False
X,X,O, , ,O, , , ,0,"[1221, 1222, 1223, 1234, 1243]",False
X,X,O, ,O, , , , ,0,"[1227, 1228, 1229, 1230, 1244]",False
X,X,O,O, , , , , ,0,"[1235, 1236, 1237, 1238, 1239]",False
